Recommendation,Confidence,Name,Type,Element,Ammo,Archetype,Tier,Power,Id,Hash,Source,Tag,Locked,Crafted,Crafted Level,Kill Tracker,Loadouts,Holofoil,Masterwork Type,Masterwork Tier,Range,Stability,Handling,Reload,Recoil,Magazine,Trait Column 1 Options,Trait Column 2 Options,Selected Trait Pair,Best Legal Combo,Best Combo Score,Legal Combo Count,Stat Utility,Stat Option Quality,Protection Notes,Replacement Name,Replacement Id,Replacement Tier,Replacement Traits 1,Replacement Traits 2,Replacement Stats,Reason
Could Delete,75,Abide the Return,Sword,Solar,heavy,Adaptive Frame,0,10,6917529971510807039,250721843,dreaming,,false,false,0,15,,false,Impact,1,0,0,0,0,0,67,Relentless Strikes,Incandescent,Relentless Strikes + Incandescent,Relentless Strikes + Incandescent,9.3,1,36.8,7.6,,Abide the Return,6917529961365473479,0,Relentless Strikes,Incandescent,Rng 0 / Stab 0 / Hand 0 / Reload 0 / Recoil 0,Selected main-trait pair is duplicated by a stronger retained copy; legal main-trait options are covered by a stronger copy.
Could Delete,75,Agape,Hand Cannon,Solar,primary,Heavy Burst,1,341,6917530186052475218,4124362340,kepler,,false,false,0,0,,false,Reload Speed,2,79,18,24,23,90,14,Snapshot Sights,Firefly,Snapshot Sights + Firefly,Snapshot Sights + Firefly,6.0,1,49.9,7.0,,Agape,6917530188027105778,2,Outlaw,Burning Ambition,Rng 69 / Stab 34 / Hand 34 / Reload 1 / Recoil 90,Best legal perk combo scores 3.5 below the best copy.
Could Delete,75,Agape,Hand Cannon,Solar,primary,Heavy Burst,1,345,6917530186063785629,4124362340,kepler,,false,false,0,0,,false,Stability,1,64,29,39,1,100,20,Pugilist,Incandescent,Pugilist + Incandescent,Pugilist + Incandescent,8.5,1,52.3,8.0,,Agape,6917530186089352609,2,Pugilist,Incandescent,Rng 64 / Stab 28 / Hand 41 / Reload 1 / Recoil 100,Selected main-trait pair is duplicated by a stronger retained copy; legal main-trait options are covered by a stronger copy.
Manual Review,62,ALLEN 05,Sniper Rifle,Strand,special,Adaptive Frame,5,306,6917530186017909280,423677697,monumentoftriumph,,false,false,0,0,,false,Reload Speed,2,54,45,47,20,62,5,Built to Blast | Shoot to Loot | Lucky Shot,Firing Line | Hatchling | Butterfly,Built to Blast + Firing Line,Built to Blast + Hatchling,8.0,9,42.6,7.8,costly source:monumentoftriumph; Tier 5,ALLEN 05,6917530188887225626,5,Fourth Time's the Charm | Lone Wolf | Shoot to Loot,Precision Instrument | Moving Target | To the Pain,Rng 63 / Stab 36 / Hand 39 / Reload 47 / Recoil 62,Best legal perk combo scores 3.6 below the best copy.
Manual Review,62,ALLEN 05,Sniper Rifle,Strand,special,Adaptive Frame,5,416,6917530188583588598,423677697,monumentoftriumph,,false,false,0,0,,false,Handling,4,48,45,62,18,62,5,Lone Wolf | Tear | Outlaw,Precision Instrument | Butterfly | To the Pain,Lone Wolf + Precision Instrument,Tear + Precision Instrument,8.6,9,45.7,6.5,costly source:monumentoftriumph; Tier 5,ALLEN 05,6917530188887225626,5,Fourth Time's the Charm | Lone Wolf | Shoot to Loot,Precision Instrument | Moving Target | To the Pain,Rng 63 / Stab 36 / Hand 39 / Reload 47 / Recoil 62,Best legal perk combo scores 3.0 below the best copy.
Manual Review,62,ALLEN 05,Sniper Rifle,Strand,special,Adaptive Frame,5,416,6917530188592235651,423677697,monumentoftriumph,,false,false,0,0,,false,Reload Speed,1,60,50,38,37,72,4,Lone Wolf | Built to Blast | Tear,Firing Line | Moving Target | Butterfly,Lone Wolf + Firing Line,Built to Blast + Firing Line,7.6,9,45.5,9.0,costly source:monumentoftriumph; Tier 5,ALLEN 05,6917530188887225626,5,Fourth Time's the Charm | Lone Wolf | Shoot to Loot,Precision Instrument | Moving Target | To the Pain,Rng 63 / Stab 36 / Hand 39 / Reload 47 / Recoil 62,Best legal perk combo scores 4.0 below the best copy.
Strong Delete,92,Ammit AR2,Auto Rifle,Solar,primary,Precision Frame,0,10,6917529871753015710,2119346509,engram,,false,false,0,0,,false,Reload Speed,3,66,50,51,41,71,33,Dynamic Sway Reduction,Adrenaline Junkie,Dynamic Sway Reduction + Adrenaline Junkie,Dynamic Sway Reduction + Adrenaline Junkie,7.2,1,56.8,7.2,,Ammit AR2,6917529890036663960,0,Dynamic Sway Reduction,Adrenaline Junkie,Rng 66 / Stab 45 / Hand 58 / Reload 38 / Recoil 100,All legal main-trait combinations are covered by the retained copy. Stat utility difference +4.8; stat-option quality +2.3.
Manual Review,62,Ascendancy,Rocket Launcher,Solar,heavy,Precision Frame,4,435,6917530189354668499,1713388226,monumentoftriumph,,false,false,0,0,,false,Handling,4,0,33,40,58,70,1,Attrition Orbs | Field Prep,Chain Reaction | Cluster Bomb,Attrition Orbs + Chain Reaction,Attrition Orbs + Chain Reaction,9.5,4,43.2,6.5,costly source:monumentoftriumph,Ascendancy,6917530188603137402,3,Reconstruction | Attrition Orbs,Cluster Bomb | Incandescent,Rng 0 / Stab 47 / Hand 46 / Reload 57 / Recoil 70,Selected main-trait pair is duplicated by a stronger retained copy.
Could Delete,75,Aurora Dawn,Sword,Stasis,heavy,Wave Sword Frame,3,363,6917530186306265928,2111625436,edgeoffate,,false,false,0,0,,false,Impact,1,0,0,0,0,0,67,Unrelenting | Proximity Power,One for All | Elemental Honing,Unrelenting + One for All,Unrelenting + One for All,8.5,4,42.9,7.7,,Aurora Dawn,6917530189846437889,5,Rimestealer | Flash Counter | Sharp Harvest,One for All | Binary Orbit | Elemental Honing,Rng 0 / Stab 0 / Hand 0 / Reload 0 / Recoil 0,Selected main-trait pair is duplicated by a stronger retained copy.
Manual Review,68,Aurora Dawn,Sword,Stasis,heavy,Wave Sword Frame,3,434,6917530189143317137,2111625436,edgeoffate,,false,false,0,0,,false,Impact,1,0,0,0,0,0,71,Rimestealer | Flash Counter,One for All | Binary Orbit,Rimestealer + One for All,Rimestealer + One for All,9.2,4,45.7,8.8,,Aurora Dawn,6917530189846437889,5,Rimestealer | Flash Counter | Sharp Harvest,One for All | Binary Orbit | Elemental Honing,Rng 0 / Stab 0 / Hand 0 / Reload 0 / Recoil 0,"All legal main-trait combinations are covered by the retained copy. Stat utility difference -4.3; stat-option quality +0.0. Potential tradeoffs: Guard Resistance -29, Guard Endurance -17."
Could Delete,75,Aurora Dawn,Sword,Stasis,heavy,Wave Sword Frame,3,425,6917530189375466572,2111625436,edgeoffate,,false,false,0,0,,false,Impact,4,0,0,0,0,0,73,Unrelenting | Proximity Power,Cold Steel | Binary Orbit,Unrelenting + Cold Steel,Unrelenting + Cold Steel,8.3,4,41.0,8.1,,Aurora Dawn,6917530189846437889,5,Rimestealer | Flash Counter | Sharp Harvest,One for All | Binary Orbit | Elemental Honing,Rng 0 / Stab 0 / Hand 0 / Reload 0 / Recoil 0,Selected main-trait pair is duplicated by a stronger retained copy.
Could Delete,75,Aurora Dawn,Sword,Stasis,heavy,Wave Sword Frame,4,467,6917530191318328840,2111625436,edgeoffate,,false,false,0,0,,false,Impact,1,0,0,0,0,0,73,Unrelenting | Sharp Harvest,Cold Steel | Elemental Honing,Unrelenting + Cold Steel,Unrelenting + Cold Steel,8.3,4,41.7,8.3,,Aurora Dawn,6917530189846437889,5,Rimestealer | Flash Counter | Sharp Harvest,One for All | Binary Orbit | Elemental Honing,Rng 0 / Stab 0 / Hand 0 / Reload 0 / Recoil 0,Selected main-trait pair is duplicated by a stronger retained copy.
Manual Review,62,Aurora Dawn,Sword,Stasis,heavy,Wave Sword Frame,5,468,6917530191324771029,2111625436,edgeoffate,,false,false,0,0,,false,Impact,3,0,0,0,0,0,73,Proximity Power | Tireless Blade | Sharp Harvest,Cold Steel | Binary Orbit | Elemental Honing,Proximity Power + Cold Steel,Proximity Power + Cold Steel,8.0,9,41.5,8.3,costly source:edgeoffate; Tier 5,Aurora Dawn,6917530189846437889,5,Rimestealer | Flash Counter | Sharp Harvest,One for All | Binary Orbit | Elemental Honing,Rng 0 / Stab 0 / Hand 0 / Reload 0 / Recoil 0,Selected main-trait pair is duplicated by a stronger retained copy.
Could Delete,75,Axial Lacuna,Fusion Rifle,Solar,special,Precision Frame,0,10,6917530029617827498,3867373351,paleheart,,false,false,0,0,,false,Charge Time,1,60,56,53,10,76,8,Firmly Planted,Desperate Measures,Firmly Planted + Desperate Measures,Firmly Planted + Desperate Measures,6.7,1,46.2,7.0,,Axial Lacuna,6917530025492912305,0,Reconstruction,Controlled Burst,Rng 60 / Stab 61 / Hand 33 / Reload 31 / Recoil 86,Best legal perk combo scores 3.3 below the best copy.
Could Delete,75,Battle Scar,Pulse Rifle,Kinetic,primary,Lightweight Frame,0,10,6917529972567683829,2099894368,engram,,false,false,0,0,,false,Stability,3,33,70,61,66,65,34,Shot Swap,Osmosis,Shot Swap + Osmosis,Shot Swap + Osmosis,4.8,1,60.9,8.5,,Battle Scar,6917530186183878369,5,Shoot to Loot | Perpetual Motion | Subsistence,All-Star | Adhesive Ordnance | Headseeker,Rng 50 / Stab 53 / Hand 78 / Reload 56 / Recoil 85,Best legal perk combo scores 3.4 below the best copy.
Could Delete,75,Cartesian Coordinate,Fusion Rifle,Solar,special,Rapid-Fire Frame,4,405,6917530188309009396,3719824177,engram,,false,false,0,0,,false,Stability,4,27,36,60,48,52,7,Grave Robber | Discord,Successful Warm-Up | Vorpal Weapon,Grave Robber + Successful Warm-Up,Discord + Vorpal Weapon,8.0,4,44.6,8.2,,Cartesian Coordinate,6917530186182158477,5,Lead from Gold | Collective Demolition | Discord,Incandescent | Reservoir Burst | Closing Time,Rng 21 / Stab 37 / Hand 46 / Reload 28 / Recoil 62,Best legal perk combo scores 3.5 below the best copy.
Could Delete,75,Combined Action,Hand Cannon,Arc,primary,Aggressive Frame,0,10,6917530021130544255,1331824604,engram,,false,false,0,0,,false,Reload Speed,1,59,41,13,33,100,7,Eddy Current,Offhand Strike,Eddy Current + Offhand Strike,Eddy Current + Offhand Strike,4.8,1,53.2,7.8,,Combined Action,6917530022765497533,0,Tunnel Vision,Voltshot,Rng 64 / Stab 33 / Hand 13 / Reload 42 / Recoil 100,Best legal perk combo scores 3.0 below the best copy.
Manual Review,62,Convened Recurve,Combat Bow,Void,primary,High-Impact Longbow,3,394,6917530186412723638,3667861447,monumentoftriumph,,false,false,0,0,,false,Handling,2,0,39,41,30,60,0,Successful Warm-Up | Withering Gaze,Aggregate Charge | Snapshot Sights,Successful Warm-Up + Aggregate Charge,Withering Gaze + Aggregate Charge,8.3,4,38.7,7.3,costly source:monumentoftriumph,Convened Recurve,6917530189633676664,5,Successful Warm-Up | Repulsor Brace | Moving Target,Butterfly | Aggregate Charge | Adagio,Rng 0 / Stab 45 / Hand 55 / Reload 30 / Recoil 60,Selected main-trait pair is duplicated by a stronger retained copy.
Manual Review,62,Convened Recurve,Combat Bow,Void,primary,High-Impact Longbow,3,400,6917530187991838323,3667861447,monumentoftriumph,,false,false,0,0,,false,Accuracy,2,0,54,39,30,60,0,Dimensional Shift | Moving Target,Demoralize | Snapshot Sights,Dimensional Shift + Demoralize,Dimensional Shift + Demoralize,6.0,4,40.6,7.5,costly source:monumentoftriumph,Convened Recurve,6917530189633676664,5,Successful Warm-Up | Repulsor Brace | Moving Target,Butterfly | Aggregate Charge | Adagio,Rng 0 / Stab 45 / Hand 55 / Reload 30 / Recoil 60,Best legal perk combo scores 3.0 below the best copy.
Manual Review,62,Convened Recurve,Combat Bow,Void,primary,High-Impact Longbow,4,439,6917530189377894274,3667861447,monumentoftriumph,,false,false,0,0,,false,Handling,4,0,42,43,30,60,0,Withering Gaze | Moving Target,Adagio | Snapshot Sights,Withering Gaze + Adagio,Withering Gaze + Adagio,7.5,4,39.2,7.2,costly source:monumentoftriumph,Convened Recurve,6917530189633676664,5,Successful Warm-Up | Repulsor Brace | Moving Target,Butterfly | Aggregate Charge | Adagio,Rng 0 / Stab 45 / Hand 55 / Reload 30 / Recoil 60,Selected main-trait pair is duplicated by a stronger retained copy.
Manual Review,68,Convened Recurve,Combat Bow,Void,primary,High-Impact Longbow,2,438,6917530189641022643,3667861447,monumentoftriumph,,false,false,0,0,,false,Draw Time,1,0,59,44,30,60,0,Moving Target,Snapshot Sights,Moving Target + Snapshot Sights,Moving Target + Snapshot Sights,4.0,1,38.6,7.5,costly source:monumentoftriumph,Convened Recurve,6917530189377894274,4,Withering Gaze | Moving Target,Adagio | Snapshot Sights,Rng 0 / Stab 42 / Hand 43 / Reload 30 / Recoil 60,All legal main-trait combinations are covered by the retained copy. Stat utility difference +0.6; stat-option quality -0.3. Potential tradeoffs: Draw Time 46 slower.
Manual Review,62,Convened Recurve,Combat Bow,Void,primary,High-Impact Longbow,3,450,6917530191298343377,3667861447,monumentoftriumph,,false,false,0,0,,false,Reload Speed,3,0,34,54,33,60,0,Successful Warm-Up | Built to Blast,Butterfly | Aggregate Charge,Successful Warm-Up + Butterfly,Successful Warm-Up + Aggregate Charge,7.8,4,42.5,8.5,costly source:monumentoftriumph,Convened Recurve,6917530189633676664,5,Successful Warm-Up | Repulsor Brace | Moving Target,Butterfly | Aggregate Charge | Adagio,Rng 0 / Stab 45 / Hand 55 / Reload 30 / Recoil 60,Selected main-trait pair is duplicated by a stronger retained copy.
Could Delete,82,Convened Recurve,Combat Bow,Void,primary,High-Impact Longbow,2,454,6917530191316852304,3667861447,monumentoftriumph,,false,false,0,0,,false,Reload Speed,2,0,59,39,32,60,0,Built to Blast,Butterfly,Built to Blast + Butterfly,Built to Blast + Butterfly,7.5,1,37.6,7.3,costly source:monumentoftriumph,Convened Recurve,6917530191298343377,3,Successful Warm-Up | Built to Blast,Butterfly | Aggregate Charge,Rng 0 / Stab 34 / Hand 54 / Reload 33 / Recoil 60,All legal main-trait combinations are covered by the retained copy. Stat utility difference +4.9; stat-option quality +1.2.
Manual Review,62,Cynosure,Rocket Launcher,Strand,heavy,Adaptive Frame,3,404,6917530188282420020,2827141087,monumentoftriumph,,false,false,0,0,,false,Handling,1,0,59,37,39,72,1,Reconstruction | Tracking Module,Aggregate Charge | Hatchling,Reconstruction + Aggregate Charge,Reconstruction + Hatchling,9.2,4,44.0,7.0,costly source:monumentoftriumph,Cynosure,6917530189104801730,3,Tracking Module | Slice,Lasting Impression | Chain Reaction,Rng 0 / Stab 44 / Hand 51 / Reload 69 / Recoil 100,Selected main-trait pair is duplicated by a stronger retained copy.
Manual Review,62,Cynosure,Rocket Launcher,Strand,heavy,Adaptive Frame,3,426,6917530189394812536,2827141087,monumentoftriumph,,false,false,0,0,,false,Reload Speed,1,0,24,41,40,72,1,Slice | Demolitionist,Explosive Light | Hatchling,Slice + Explosive Light,Slice + Explosive Light,9.5,4,46.0,6.3,costly source:monumentoftriumph,Cynosure,6917530189104801730,3,Tracking Module | Slice,Lasting Impression | Chain Reaction,Rng 0 / Stab 44 / Hand 51 / Reload 69 / Recoil 100,Selected main-trait pair is duplicated by a stronger retained copy.
Manual Review,62,DIABLERETS 06,Machine Gun,Strand,heavy,Rapid-Fire Frame,5,305,6917530186016043989,1120206506,monumentoftriumph,,false,false,0,0,,false,Handling,2,38,29,42,60,60,88,Hatchling | Feeding Frenzy | Rangefinder,Meganeura | Moving Target | Closing Time,Hatchling + Meganeura,Hatchling + Closing Time,7.4,9,49.0,6.3,costly source:monumentoftriumph; Tier 5,DIABLERETS 06,6917530186312514012,5,Subsistence | Attrition Orbs | Rangefinder,Meganeura | Killing Tally | Closing Time,Rng 51 / Stab 31 / Hand 45 / Reload 58 / Recoil 50,Selected main-trait pair is duplicated by a stronger retained copy.
Manual Review,62,DIABLERETS 06,Machine Gun,Strand,heavy,Rapid-Fire Frame,5,305,6917530186017903533,1120206506,monumentoftriumph,,false,false,0,0,,false,Reload Speed,3,42,20,45,61,50,74,Hatchling | Subsistence | Built to Blast,Meganeura | Redirection | Closing Time,Hatchling + Meganeura,Hatchling + Redirection,8.2,9,45.3,9.0,costly source:monumentoftriumph; Tier 5,DIABLERETS 06,6917530186312514012,5,Subsistence | Attrition Orbs | Rangefinder,Meganeura | Killing Tally | Closing Time,Rng 51 / Stab 31 / Hand 45 / Reload 58 / Recoil 50,Selected main-trait pair is duplicated by a stronger retained copy.
Could Delete,75,Geodetic HSm,Sword,Void,heavy,Adaptive Frame,0,10,6917529980841009926,3637669759,engram,,false,false,0,0,,false,Impact,1,0,0,0,0,0,67,Tireless Blade,Assassin's Blade,Tireless Blade + Assassin's Blade,Tireless Blade + Assassin's Blade,6.5,1,41.3,8.8,,Geodetic HSm,6917529973007583923,0,Repulsor Brace,Destabilizing Rounds,Rng 0 / Stab 0 / Hand 0 / Reload 0 / Recoil 0,Best legal perk combo scores 5.3 below the best copy.
Could Delete,75,Geodetic HSm,Sword,Void,heavy,Adaptive Frame,0,10,6917530021194755036,3637669759,engram,,false,false,0,0,,false,Impact,1,0,0,0,0,0,67,Duelist's Trance,Whirlwind Blade,Duelist's Trance + Whirlwind Blade,Duelist's Trance + Whirlwind Blade,7.0,1,41.3,8.3,,Geodetic HSm,6917529973007583923,0,Repulsor Brace,Destabilizing Rounds,Rng 0 / Stab 0 / Hand 0 / Reload 0 / Recoil 0,Best legal perk combo scores 4.8 below the best copy.
Strong Delete,92,Giver's Blessing,Auto Rifle,Kinetic,primary,Rapid-Fire Frame,2,397,6917530186398994492,970034755,kepler,,false,false,0,0,,false,Handling,3,48,53,31,42,67,47,Rewind Rounds,Kinetic Tremors,Rewind Rounds + Kinetic Tremors,Rewind Rounds + Kinetic Tremors,9.7,1,53.2,6.4,,Giver's Blessing,6917530187969778474,2,Rewind Rounds,Kinetic Tremors,Rng 40 / Stab 53 / Hand 48 / Reload 42 / Recoil 87,All legal main-trait combinations are covered by the retained copy. Stat utility difference +5.0; stat-option quality +3.1.
Strong Delete,92,Giver's Blessing,Auto Rifle,Kinetic,primary,Rapid-Fire Frame,2,416,6917530188023157531,970034755,kepler,,false,false,0,0,,false,Reload Speed,5,38,58,43,27,57,57,Rewind Rounds,Kinetic Tremors,Rewind Rounds + Kinetic Tremors,Rewind Rounds + Kinetic Tremors,9.7,1,50.0,8.3,,Giver's Blessing,6917530187969778474,2,Rewind Rounds,Kinetic Tremors,Rng 40 / Stab 53 / Hand 48 / Reload 42 / Recoil 87,All legal main-trait combinations are covered by the retained copy. Stat utility difference +8.2; stat-option quality +1.2.
Manual Review,62,Gridskipper,Pulse Rifle,Void,primary,Rapid-Fire Frame,3,394,6917530187927344843,3176697589,monumentoftriumph,,false,false,0,0,,false,Reload Speed,2,38,52,32,17,55,44,Killing Wind | Zen Moment,Frenzy | Desperate Measures,Killing Wind + Frenzy,Zen Moment + Frenzy,7.7,4,45.4,7.8,costly source:monumentoftriumph,Gridskipper,6917530187802376992,3,Repulsor Brace | Zen Moment,Destabilizing Rounds | Desperate Measures,Rng 53 / Stab 47 / Hand 22 / Reload 37 / Recoil 55,Best legal perk combo scores 4.1 below the best copy.
Could Delete,75,Heliocentric QSc,Sidearm,Solar,primary,Lightweight Frame,0,10,6917529961357746282,3998080529,engram,,false,false,0,0,,false,Stability,1,37,47,55,31,100,17,Demolitionist,Surrounded,Demolitionist + Surrounded,Demolitionist + Surrounded,8.5,1,51.9,8.3,,Heliocentric QSc,6917529959998529816,0,Heal Clip,Incandescent,Rng 52 / Stab 36 / Hand 60 / Reload 51 / Recoil 94,Best legal perk combo scores 4.0 below the best copy.
Could Delete,75,Heliocentric QSc,Sidearm,Solar,primary,Lightweight Frame,0,10,6917530020562998236,3998080529,engram,,false,false,0,0,,false,Reload Speed,1,37,51,80,52,94,14,Enlightened Action,Precision Instrument,Enlightened Action + Precision Instrument,Enlightened Action + Precision Instrument,8.0,1,56.4,9.0,,Heliocentric QSc,6917529959998529816,0,Heal Clip,Incandescent,Rng 52 / Stab 36 / Hand 60 / Reload 51 / Recoil 94,Best legal perk combo scores 4.5 below the best copy.
Manual Review,68,Heliocentric QSc,Sidearm,Solar,primary,Lightweight Frame,0,10,6917530022249045285,3998080529,engram,,false,false,0,0,,false,Range,1,53,36,60,51,94,14,Enlightened Action,Adrenaline Junkie,Enlightened Action + Adrenaline Junkie,Enlightened Action + Adrenaline Junkie,7.4,1,56.9,9.5,,Heliocentric QSc,6917530187758497859,3,Enlightened Action | Rangefinder,Adrenaline Junkie | Frenzy,Rng 37 / Stab 59 / Hand 60 / Reload 51 / Recoil 100,All legal main-trait combinations are covered by the retained copy. Stat utility difference +0.5; stat-option quality -0.5. Potential tradeoffs: Range -25.
Could Delete,75,Heliocentric QSc,Sidearm,Solar,primary,Lightweight Frame,3,359,6917530186183878907,1291040555,engram,,false,false,0,0,,false,Stability,2,42,38,60,31,94,17,Enlightened Action | Moving Target,Kill Clip | Frenzy,Enlightened Action + Kill Clip,Enlightened Action + Frenzy,7.9,4,50.9,8.8,,Heliocentric QSc,6917529959998529816,0,Heal Clip,Incandescent,Rng 52 / Stab 36 / Hand 60 / Reload 51 / Recoil 94,Best legal perk combo scores 4.6 below the best copy; selected main-trait pair is duplicated by a stronger retained copy.
Could Delete,75,Heliocentric QSc,Sidearm,Solar,primary,Lightweight Frame,3,389,6917530186412730403,1291040555,engram,,false,false,0,0,,false,Range,3,40,51,55,61,100,15,Enlightened Action | Demolitionist,Kill Clip | Frenzy,Enlightened Action + Kill Clip,Demolitionist + Frenzy,9.2,4,56.9,7.3,,Heliocentric QSc,6917529959998529816,0,Heal Clip,Incandescent,Rng 52 / Stab 36 / Hand 60 / Reload 51 / Recoil 94,Best legal perk combo scores 3.3 below the best copy.
Could Delete,75,Heliocentric QSc,Sidearm,Solar,primary,Lightweight Frame,3,393,6917530187758497859,1291040555,engram,,false,false,0,0,,false,Stability,3,37,59,60,51,100,14,Enlightened Action | Rangefinder,Adrenaline Junkie | Frenzy,Enlightened Action + Adrenaline Junkie,Enlightened Action + Frenzy,7.9,4,57.4,9.0,,Heliocentric QSc,6917529959998529816,0,Heal Clip,Incandescent,Rng 52 / Stab 36 / Hand 60 / Reload 51 / Recoil 94,Best legal perk combo scores 4.6 below the best copy.
Manual Review,62,IRONWOOD 03,Hand Cannon,Void,primary,Spread Shot,4,368,6917530186306269429,2041617874,monumentoftriumph,,false,false,0,0,,false,Handling,4,39,76,33,25,93,8,Demolitionist | Repulsor Brace,Surrounded | Quickdraw,Demolitionist + Surrounded,Demolitionist + Surrounded,8.5,4,58.8,8.8,costly source:monumentoftriumph,IRONWOOD 03,6917530188586062823,5,Repulsor Brace | Feeding Frenzy | Killing Wind,Destabilizing Rounds | Surrounded | Quickdraw,Rng 53 / Stab 52 / Hand 29 / Reload 7 / Recoil 93,Best legal perk combo scores 3.3 below the best copy.
Manual Review,62,IRONWOOD 03,Hand Cannon,Void,primary,Spread Shot,5,368,6917530186310228667,2041617874,monumentoftriumph,,false,false,0,0,,false,Handling,1,48,68,30,25,93,8,Threat Remover | Pugilist | Killing Wind,Destabilizing Rounds | Surrounded | One-Two Punch,Threat Remover + Destabilizing Rounds,Pugilist + Destabilizing Rounds,8.0,9,58.7,7.6,costly source:monumentoftriumph; Tier 5,IRONWOOD 03,6917530188586062823,5,Repulsor Brace | Feeding Frenzy | Killing Wind,Destabilizing Rounds | Surrounded | Quickdraw,Rng 53 / Stab 52 / Hand 29 / Reload 7 / Recoil 93,Best legal perk combo scores 3.8 below the best copy.
Manual Review,68,Krait,Auto Rifle,Stasis,primary,Rapid-Fire Frame,0,10,6917529950029326734,2852052802,engram,,false,false,0,0,,false,Reload Speed,1,33,73,44,69,56,53,Subsistence,One for All,Subsistence + One for All,Subsistence + One for All,8.7,1,58.0,8.8,,Krait,6917529680205366163,0,Subsistence,One for All,Rng 46 / Stab 58 / Hand 34 / Reload 53 / Recoil 66,"All legal main-trait combinations are covered by the retained copy. Stat utility difference -2.2; stat-option quality -1.3. Potential tradeoffs: Stability -15, Reload -25."
Could Delete,75,Last Foray,Sniper Rifle,Solar,special,Aggressive Frame,0,10,6917530021373541933,1106635211,engram,,false,false,0,70,,false,Reload Speed,4,70,27,37,31,100,4,Field Prep,Incandescent,Field Prep + Incandescent,Field Prep + Incandescent,9.3,1,40.2,8.0,,Last Foray,6917530186173514903,3,Heal Clip | Envious Assassin,Incandescent | Explosive Payload,Rng 85 / Stab 17 / Hand 25 / Reload 27 / Recoil 75,Best legal perk combo scores 3.2 below the best copy.
Could Delete,75,Last Foray,Sniper Rifle,Solar,special,Aggressive Frame,0,10,6917530025724457321,1106635211,engram,,false,false,0,0,,false,Range,3,68,52,22,27,85,3,Lead from Gold,Box Breathing,Lead from Gold + Box Breathing,Lead from Gold + Box Breathing,8.2,1,39.2,7.8,,Last Foray,6917530186173514903,3,Heal Clip | Envious Assassin,Incandescent | Explosive Payload,Rng 85 / Stab 17 / Hand 25 / Reload 27 / Recoil 75,Best legal perk combo scores 4.3 below the best copy.
Could Delete,75,Last Foray,Sniper Rifle,Solar,special,Aggressive Frame,3,405,6917530188309002858,4118936670,engram,,false,false,0,0,,false,Range,1,91,27,27,32,75,3,Quickdraw | Moving Target,Incandescent | Bait and Switch,Quickdraw + Incandescent,Quickdraw + Incandescent,7.2,4,36.7,9.0,,Last Foray,6917530186173514903,3,Heal Clip | Envious Assassin,Incandescent | Explosive Payload,Rng 85 / Stab 17 / Hand 25 / Reload 27 / Recoil 75,Best legal perk combo scores 5.3 below the best copy.
Manual Review,62,Last Rite,Scout Rifle,Kinetic,primary,Aggressive Frame,3,420,6917530188603137884,3708636616,monumentoftriumph,,false,false,0,0,,false,Reload Speed,1,55,32,53,32,78,17,Keep Away | Hip-Fire Grip,Focused Fury | Offhand Strike,Keep Away + Focused Fury,Keep Away + Focused Fury,7.0,4,50.7,6.5,costly source:monumentoftriumph,Last Rite,6917530188855491436,3,Keep Away | Stopping Power,Opening Shot | Explosive Payload,Rng 55 / Stab 33 / Hand 53 / Reload 51 / Recoil 78,Selected main-trait pair is duplicated by a stronger retained copy.
Could Delete,75,Lethophobia,Combat Bow,Void,primary,Lightweight Frame,0,10,6917529975880454186,3710082365,rivenslair,,false,false,0,0,,false,Accuracy,1,0,66,77,60,52,0,Slickdraw,Golden Tricorn,Slickdraw + Golden Tricorn,Slickdraw + Golden Tricorn,5.2,1,65.7,7.2,,Lethophobia,6917529961019308672,0,Repulsor Brace,Golden Tricorn,Rng 0 / Stab 51 / Hand 68 / Reload 60 / Recoil 52,Best legal perk combo scores 3.3 below the best copy.
Definitely Delete,99,Loaded Question,Fusion Rifle,Arc,special,High-Impact Frame,0,300,6917530189348803930,580961571,pinnacle-weapon,,false,false,0,0,,false,Stability,10,58,35,35,0,77,8,Auto-Loading Holster,Reservoir Burst,Auto-Loading Holster + Reservoir Burst,Auto-Loading Holster + Reservoir Burst,9.5,1,33.5,5.3,costly source:pinnacle-weapon,Loaded Question,6917529091756856209,0,Auto-Loading Holster,Reservoir Burst,Rng 58 / Stab 35 / Hand 35 / Reload 0 / Recoil 77,"Exact functional duplicate: same weapon, legal perks, Tier, Masterwork type, and Holofoil status; retained copy has stronger protection/use history."
Manual Review,68,Main Ingredient,Fusion Rifle,Arc,special,Precision Frame,1,373,6917530186348533164,4046741099,monumentoftriumph,,false,false,0,0,,false,Charge Time,1,59,35,41,24,100,5,Firmly Planted,Tap the Trigger,Firmly Planted + Tap the Trigger,Firmly Planted + Tap the Trigger,5.5,1,42.8,8.7,costly source:monumentoftriumph,Main Ingredient,6917530191249135951,3,Firmly Planted | Lead from Gold,Tap the Trigger | Gear Shift,Rng 59 / Stab 40 / Hand 46 / Reload 25 / Recoil 73,All legal main-trait combinations are covered by the retained copy. Stat utility difference +0.8; stat-option quality +0.0. Potential tradeoffs: Recoil -27.
Manual Review,62,Main Ingredient,Fusion Rifle,Arc,special,Precision Frame,1,373,6917530186354400958,4046741099,monumentoftriumph,,false,false,0,0,,false,Charge Time,2,64,40,36,24,73,6,Snapshot Sights,Tap the Trigger,Snapshot Sights + Tap the Trigger,Snapshot Sights + Tap the Trigger,5.0,1,42.1,7.5,costly source:monumentoftriumph,Main Ingredient,6917529475029094033,0,Projection Fuse,Under Pressure,Rng 78 / Stab 40 / Hand 38 / Reload 24 / Recoil 73,Best legal perk combo scores 3.8 below the best copy.
Manual Review,62,Main Ingredient,Fusion Rifle,Arc,special,Precision Frame,3,400,6917530187984282561,4046741099,monumentoftriumph,,false,false,0,0,,false,Charge Time,5,59,35,41,24,100,5,Under Pressure | Snapshot Sights,High-Impact Reserves | Gear Shift,Under Pressure + High-Impact Reserves,Under Pressure + High-Impact Reserves,6.2,4,42.9,8.3,costly source:monumentoftriumph,Main Ingredient,6917529475029094033,0,Projection Fuse,Under Pressure,Rng 78 / Stab 40 / Hand 38 / Reload 24 / Recoil 73,Selected main-trait pair is duplicated by a stronger retained copy.
Manual Review,62,Main Ingredient,Fusion Rifle,Arc,special,Precision Frame,1,411,6917530188609846187,4046741099,monumentoftriumph,,false,false,0,0,,false,Handling,3,69,35,24,24,83,5,Firmly Planted,High-Impact Reserves,Firmly Planted + High-Impact Reserves,Firmly Planted + High-Impact Reserves,5.7,1,41.8,7.8,costly source:monumentoftriumph,Main Ingredient,6917529475029094033,0,Projection Fuse,Under Pressure,Rng 78 / Stab 40 / Hand 38 / Reload 24 / Recoil 73,Best legal perk combo scores 3.1 below the best copy.
Could Delete,82,Main Ingredient,Fusion Rifle,Arc,special,Precision Frame,2,438,6917530189642669576,4046741099,monumentoftriumph,,false,false,0,0,,false,Handling,1,59,45,37,24,73,6,Lead from Gold,Rangefinder,Lead from Gold + Rangefinder,Lead from Gold + Rangefinder,7.2,1,43.4,8.7,costly source:monumentoftriumph,Main Ingredient,6917530191290366809,4,Lead from Gold | Trickle Charge,Tap the Trigger | Rangefinder,Rng 61 / Stab 35 / Hand 43 / Reload 26 / Recoil 100,All legal main-trait combinations are covered by the retained copy. Stat utility difference +1.8; stat-option quality +0.0.
Could Delete,75,Marcato-45,Machine Gun,Strand,heavy,Adaptive Frame,0,10,6917530064716810577,4233375372,engram,,false,false,0,0,,false,Handling,3,50,49,65,49,80,48,Steady Hands,Adagio,Steady Hands + Adagio,Steady Hands + Adagio,5.2,1,56.4,8.8,,Marcato-45,6917529972540775201,0,Demolitionist,Onslaught,Rng 45 / Stab 49 / Hand 67 / Reload 65 / Recoil 100,Best legal perk combo scores 4.1 below the best copy.
Could Delete,75,Neoptolemus II,Combat Bow,Kinetic,primary,Precision Frame,0,10,6917530071964450524,2848549302,engram,,false,false,0,0,,false,Reload Speed,2,0,49,57,37,69,0,To the Pain,Wellspring,To the Pain + Wellspring,To the Pain + Wellspring,5.3,1,61.1,7.7,,Neoptolemus II,6917530063402085060,0,Strategist,Vorpal Weapon,Rng 0 / Stab 44 / Hand 77 / Reload 45 / Recoil 69,Best legal perk combo scores 3.0 below the best copy.
Manual Review,62,Nessa's Oblation,Shotgun,Void,special,Pinpoint Slug Frame,0,10,6917529893083753372,135029084,rootofnightmares,,false,false,0,0,,false,Handling,5,83,47,64,49,69,6,Compulsive Reloader,Harmony,Compulsive Reloader + Harmony,Compulsive Reloader + Harmony,5.2,1,61.2,9.5,high-cost source:rootofnightmares,Nessa's Oblation,6917529892811983044,0,Envious Assassin,Frenzy,Rng 80 / Stab 59 / Hand 69 / Reload 59 / Recoil 59,Best legal perk combo scores 4.2 below the best copy.
Strong Delete,92,Nightshade,Pulse Rifle,Strand,primary,Lightweight Frame,2,455,6917530191318329432,1559068369,,,false,false,0,0,,false,Handling,10,45,61,78,40,56,39,Keep Away,Headseeker,Keep Away + Headseeker,Keep Away + Headseeker,5.7,1,56.9,7.8,,Nightshade,6917530189840231319,4,Keep Away | Lucky Shot,Headseeker | Desperate Measures,Rng 51 / Stab 70 / Hand 66 / Reload 59 / Recoil 56,All legal main-trait combinations are covered by the retained copy. Stat utility difference +5.4; stat-option quality +1.7.
Could Delete,75,No Hesitation,Auto Rifle,Solar,primary,Support Frame,0,10,6917530025185301188,1801007332,paleheart,,false,false,0,0,,false,Handling,2,45,63,79,78,95,47,Demolitionist,Desperate Measures,Demolitionist + Desperate Measures,Demolitionist + Desperate Measures,8.7,1,70.3,9.0,,No Hesitation,6917530188310930599,5,Subsistence,Incandescent,Rng 52 / Stab 60 / Hand 82 / Reload 83 / Recoil 85,Best legal perk combo scores 3.3 below the best copy.
Strong Delete,92,Nox Perennial V,Fusion Rifle,Strand,special,High-Impact Frame,0,10,6917530022197957209,2767393525,engram,,false,false,0,0,,false,Charge Time,1,55,24,8,16,75,5,Under Pressure,Hatchling,Under Pressure + Hatchling,Under Pressure + Hatchling,7.2,1,27.9,7.8,,Nox Perennial V,6917530188590375722,3,Threat Detector | Under Pressure,Kickstart | Hatchling,Rng 55 / Stab 24 / Hand 18 / Reload 17 / Recoil 65,All legal main-trait combinations are covered by the retained copy. Stat utility difference +1.8; stat-option quality +0.0.
Could Delete,75,Old Sterling,Auto Rifle,Strand,primary,Adaptive Frame,0,10,6917529957417398918,3678653083,engram,,false,false,0,0,,false,Stability,1,63,43,63,55,63,41,Surplus,Adagio,Surplus + Adagio,Surplus + Adagio,5.8,1,59.2,9.5,,Old Sterling,6917530021133419406,0,Rewind Rounds,Frenzy,Rng 53 / Stab 42 / Hand 74 / Reload 55 / Recoil 93,Best legal perk combo scores 3.6 below the best copy.
Could Delete,75,Patron of Lost Causes,Scout Rifle,Kinetic,primary,Lightweight Frame,0,10,6917530024341746627,2249996761,echoes,,false,false,0,0,,false,Range,3,51,37,68,53,59,15,Strategist,Focused Fury,Strategist + Focused Fury,Strategist + Focused Fury,8.1,1,53.9,9.0,,Patron of Lost Causes,6917530023350138452,0,Strategist,Focused Fury,Rng 36 / Stab 37 / Hand 73 / Reload 63 / Recoil 89,Selected main-trait pair is duplicated by a stronger retained copy; legal main-trait options are covered by a stronger copy.
Manual Review,62,Perfect Pitch,Submachine Gun,Solar,primary,Precision Frame,4,426,6917530188825206366,2191451996,monumentoftriumph,,false,false,0,0,,false,Range,2,61,50,16,18,100,30,Keep Away | Enlightened Action,Harmony | Rampage,Keep Away + Harmony,Keep Away + Rampage,6.9,4,53.7,8.3,costly source:monumentoftriumph,Perfect Pitch,6917530192719318532,4,Enlightened Action | Discord,Incandescent | Target Lock,Rng 58 / Stab 45 / Hand 25 / Reload 21 / Recoil 93,Selected main-trait pair is duplicated by a stronger retained copy.
Manual Review,62,PLUG ONE.1,Fusion Rifle,Arc,special,Precision Frame,0,10,6917529951139702545,1289000550,nightfall,,false,false,0,0,,false,Handling,2,58,59,33,11,85,8,Under Pressure,Successful Warm-Up,Under Pressure + Successful Warm-Up,Under Pressure + Successful Warm-Up,5.5,1,45.1,8.2,costly source:nightfall,PLUG ONE.1,6917529386638667465,0,Quickdraw,Cornered,Rng 63 / Stab 64 / Hand 41 / Reload 32 / Recoil 75,Best legal perk combo scores 3.0 below the best copy.
Could Delete,75,Positive Outlook,Auto Rifle,Void,primary,Precision Frame,0,10,6917529905690359559,491078457,strikes,,false,false,0,0,,false,Range,1,70,62,41,43,76,33,Tunnel Vision,Destabilizing Rounds,Tunnel Vision + Destabilizing Rounds,Tunnel Vision + Destabilizing Rounds,6.8,1,60.5,8.2,,Positive Outlook,6917530189637070427,5,Repulsor Brace | Withering Gaze | Feeding Frenzy,Feeding Frenzy | Target Lock | Tap the Trigger,Rng 79 / Stab 33 / Hand 47 / Reload 45 / Recoil 66,Best legal perk combo scores 5.0 below the best copy.
Manual Review,62,Positive Outlook,Auto Rifle,Void,primary,Precision Frame,2,414,6917530188837056706,3625635456,monumentoftriumph,,false,false,0,0,,false,Range,1,70,47,61,48,66,33,Ambitious Assassin,Golden Tricorn Enhanced,Ambitious Assassin + Golden Tricorn Enhanced,Ambitious Assassin + Golden Tricorn Enhanced,8.4,1,58.1,7.2,costly source:monumentoftriumph,Positive Outlook,6917530189637070427,5,Repulsor Brace | Withering Gaze | Feeding Frenzy,Feeding Frenzy | Target Lock | Tap the Trigger,Rng 79 / Stab 33 / Hand 47 / Reload 45 / Recoil 66,Best legal perk combo scores 3.4 below the best copy.
Manual Review,62,Prolonged Engagement,Submachine Gun,Stasis,primary,Lightweight Frame,4,440,6917530189596606678,2624561525,monumentoftriumph,,false,false,0,0,,false,Handling,2,25,52,86,11,85,45,Proximity Power | Demolitionist,Headstone | Target Lock,Proximity Power + Headstone,Demolitionist + Headstone,9.2,4,48.0,7.2,costly source:monumentoftriumph,Prolonged Engagement,6917530189850769085,5,Proximity Power | Demolitionist | Dynamic Sway Reduction,Headstone | Multikill Clip | Desperate Measures,Rng 38 / Stab 52 / Hand 73 / Reload 30 / Recoil 85,Selected main-trait pair is duplicated by a stronger retained copy.
Manual Review,68,Psi Hermetic V,Pulse Rifle,Stasis,primary,High-Impact Frame,0,10,6917529973036317076,358788212,engram,,false,false,0,0,,false,Range,3,69,63,16,34,85,28,Elemental Capacitor,Headseeker,Elemental Capacitor + Headseeker,Elemental Capacitor + Headseeker,5.1,1,57.6,6.6,,Psi Hermetic V,6917530029641082546,0,Elemental Capacitor,Headseeker,Rng 56 / Stab 63 / Hand 36 / Reload 35 / Recoil 100,All legal main-trait combinations are covered by the retained copy. Stat utility difference +2.3; stat-option quality +2.2. Potential tradeoffs: Range -20.
Manual Review,62,Punching Out,Sidearm,Solar,primary,Rapid-Fire Frame,3,413,6917530188004324579,1469372193,monumentoftriumph,,false,false,0,0,,false,Handling,2,31,63,44,43,98,18,Overflow | Light Touch,Feeding Frenzy | Meganeura,Overflow + Feeding Frenzy,Overflow + Feeding Frenzy,8.3,4,51.8,7.1,costly source:monumentoftriumph,Punching Out,6917530191304799262,5,Overflow | Rangefinder | Recycled Energy,Feeding Frenzy | Binary Orbit | Adrenaline Junkie,Rng 40 / Stab 63 / Hand 54 / Reload 43 / Recoil 88,Selected main-trait pair is duplicated by a stronger retained copy.
Manual Review,62,Punching Out,Sidearm,Solar,primary,Rapid-Fire Frame,3,425,6917530188611620045,1469372193,monumentoftriumph,,false,false,0,0,,false,Reload Speed,1,36,53,47,24,88,20,Overflow | Light Touch,Feeding Frenzy | Incandescent,Overflow + Feeding Frenzy,Overflow + Incandescent,9.5,4,48.0,9.0,costly source:monumentoftriumph,Punching Out,6917530191304799262,5,Overflow | Rangefinder | Recycled Energy,Feeding Frenzy | Binary Orbit | Adrenaline Junkie,Rng 40 / Stab 63 / Hand 54 / Reload 43 / Recoil 88,Selected main-trait pair is duplicated by a stronger retained copy.
Could Delete,75,Retold Tale,Shotgun,Void,special,Precision Frame,0,10,6917529873772194141,346136302,dreaming,,false,false,0,0,,false,Range,5,75,65,39,41,64,6,Field Prep,One-Two Punch,Field Prep + One-Two Punch,Field Prep + One-Two Punch,8.8,1,52.6,9.5,,Retold Tale,6917530189141749536,5,Repulsor Brace | Barrel Constrictor | Threat Detector,Snapshot Sights | Kill Clip | Proximity Power,Rng 67 / Stab 72 / Hand 39 / Reload 45 / Recoil 64,Best legal perk combo scores 3.0 below the best copy.
Manual Review,68,Retold Tale,Shotgun,Void,special,Precision Frame,0,10,6917529961359944416,871900124,,,false,false,0,0,,false,Handling,5,70,55,44,51,64,7,Slideshot,One-Two Punch,Slideshot + One-Two Punch,Slideshot + One-Two Punch,7.7,1,52.9,8.5,,Retold Tale,6917530187760632372,5,Quickdraw | Slideshot | Threat Detector,Snapshot Sights | One-Two Punch | Withering Gaze,Rng 65 / Stab 65 / Hand 45 / Reload 28 / Recoil 64,All legal main-trait combinations are covered by the retained copy. Stat utility difference -3.8; stat-option quality -0.7. Potential tradeoffs: Reload -23.
Could Delete,75,Retold Tale,Shotgun,Void,special,Precision Frame,0,10,6917529961362650356,871900124,,,false,false,0,8,,false,Stability,1,80,61,34,41,64,6,Slideshot,Destabilizing Rounds,Slideshot + Destabilizing Rounds,Slideshot + Destabilizing Rounds,7.7,1,51.8,8.5,,Retold Tale,6917530189141749536,5,Repulsor Brace | Barrel Constrictor | Threat Detector,Snapshot Sights | Kill Clip | Proximity Power,Rng 67 / Stab 72 / Hand 39 / Reload 45 / Recoil 64,Best legal perk combo scores 4.1 below the best copy.
Could Delete,75,Retold Tale,Shotgun,Void,special,Precision Frame,0,10,6917529975894726723,871900124,,,false,false,0,0,,false,Reload Speed,3,80,50,34,54,64,7,Repulsor Brace,Barrel Constrictor,Repulsor Brace + Barrel Constrictor,Repulsor Brace + Barrel Constrictor,6.8,1,52.3,8.3,,Retold Tale,6917530189141749536,5,Repulsor Brace | Barrel Constrictor | Threat Detector,Snapshot Sights | Kill Clip | Proximity Power,Rng 67 / Stab 72 / Hand 39 / Reload 45 / Recoil 64,Best legal perk combo scores 5.0 below the best copy.
Could Delete,75,Retold Tale,Shotgun,Void,special,Precision Frame,3,399,6917530187781171705,3442151842,dreaming,,false,false,0,0,,false,Handling,2,70,65,21,41,64,6,Repulsor Brace | Barrel Constrictor,Snapshot Sights | Destabilizing Rounds,Repulsor Brace + Snapshot Sights,Repulsor Brace + Destabilizing Rounds,11.8,4,47.0,9.5,,Retold Tale,6917530189141749536,5,Repulsor Brace | Barrel Constrictor | Threat Detector,Snapshot Sights | Kill Clip | Proximity Power,Rng 67 / Stab 72 / Hand 39 / Reload 45 / Recoil 64,Selected main-trait pair is duplicated by a stronger retained copy.
Could Delete,75,Retold Tale,Shotgun,Void,special,Precision Frame,3,400,6917530187921023683,3442151842,dreaming,,false,false,0,0,,false,Reload Speed,2,75,65,19,43,64,6,Repulsor Brace | Lone Wolf,Snapshot Sights | Closing Time,Repulsor Brace + Snapshot Sights,Repulsor Brace + Closing Time,7.5,4,47.0,8.5,,Retold Tale,6917530189141749536,5,Repulsor Brace | Barrel Constrictor | Threat Detector,Snapshot Sights | Kill Clip | Proximity Power,Rng 67 / Stab 72 / Hand 39 / Reload 45 / Recoil 64,Best legal perk combo scores 4.3 below the best copy; selected main-trait pair is duplicated by a stronger retained copy.
Manual Review,62,Service Revolver,Hand Cannon,Kinetic,primary,Precision Frame,4,439,6917530189382417353,3796682229,monumentoftriumph,,false,false,0,0,,false,Reload Speed,1,28,68,43,31,100,12,Moving Target | Stopping Power,Opening Shot | Explosive Payload,Moving Target + Opening Shot,Stopping Power + Explosive Payload,8.5,4,58.0,8.8,costly source:monumentoftriumph,Service Revolver,6917530189141747148,5,Rangefinder | Outlaw | Shoot to Loot,Rampage | Kinetic Tremors | Explosive Payload,Rng 37 / Stab 63 / Hand 63 / Reload 46 / Recoil 100,Selected main-trait pair is duplicated by a stronger retained copy.
Manual Review,62,Seventh Seraph Carbine,Auto Rifle,Kinetic,primary,Precision Frame,0,10,6917529994919630614,4070357005,dungeon,,false,false,0,0,,false,Range,1,64,39,49,21,100,40,Hip-Fire Grip,Target Lock,Hip-Fire Grip + Target Lock,Hip-Fire Grip + Target Lock,6.0,1,56.7,8.3,high-cost source:dungeon,Seventh Seraph Carbine,6917530188298689793,5,Reconstruction | Stopping Power | Enlightened Action,Target Lock | All-Star | Kinetic Tremors,Rng 73 / Stab 58 / Hand 44 / Reload 41 / Recoil 74,Best legal perk combo scores 3.0 below the best copy.
Manual Review,62,Seventh Seraph CQC-12,Shotgun,Solar,special,Lightweight Frame,3,355,6917530186167783064,2308010345,monumentoftriumph,,false,false,0,0,,false,Handling,1,50,41,70,40,56,7,Discord | Quickdraw,Closing Time | Incandescent,Discord + Closing Time,Discord + Incandescent,9.0,4,51.8,8.3,costly source:monumentoftriumph,Seventh Seraph CQC-12,6917529207521513768,0,Quickdraw | Vorpal Weapon,Snapshot Sights,Rng 48 / Stab 44 / Hand 74 / Reload 72 / Recoil 56,Best legal perk combo scores 3.5 below the best copy.
Manual Review,62,Seventh Seraph CQC-12,Shotgun,Solar,special,Lightweight Frame,3,405,6917530188588203789,2308010345,monumentoftriumph,,false,false,0,0,,false,Handling,2,58,49,71,60,56,6,Disruption Break | Dual Loader,Closing Time | Trench Barrel,Disruption Break + Closing Time,Disruption Break + Trench Barrel,8.0,4,57.7,8.3,costly source:monumentoftriumph,Seventh Seraph CQC-12,6917529207521513768,0,Quickdraw | Vorpal Weapon,Snapshot Sights,Rng 48 / Stab 44 / Hand 74 / Reload 72 / Recoil 56,Best legal perk combo scores 4.5 below the best copy.
Manual Review,62,Seventh Seraph Officer Revolver,Hand Cannon,Kinetic,primary,Precision Frame,0,10,6917529957839891335,1555959830,dungeon,,false,false,0,0,,false,Stability,4,33,66,35,59,84,13,Well-Rounded,Harmony,Well-Rounded + Harmony,Well-Rounded + Harmony,5.7,1,58.6,8.5,high-cost source:dungeon,Seventh Seraph Officer Revolver,6917529216506594299,0,Pulse Monitor,Timed Payload,Rng 44 / Stab 52 / Hand 30 / Reload 89 / Recoil 84,Best legal perk combo scores 3.8 below the best copy.
Manual Review,62,Seventh Seraph Officer Revolver,Hand Cannon,Kinetic,primary,Precision Frame,0,10,6917529972563517796,1555959830,dungeon,,false,false,0,0,,false,Reload Speed,2,28,52,40,51,100,11,Rangefinder,Vorpal Weapon,Rangefinder + Vorpal Weapon,Rangefinder + Vorpal Weapon,6.2,1,55.6,8.8,high-cost source:dungeon,Seventh Seraph Officer Revolver,6917529216506594299,0,Pulse Monitor,Timed Payload,Rng 44 / Stab 52 / Hand 30 / Reload 89 / Recoil 84,Best legal perk combo scores 3.3 below the best copy.
Could Delete,75,Sleepless,Rocket Launcher,Arc,heavy,High-Impact Frame,4,399,6917530187781164790,1738552769,dreaming,,false,false,0,0,,false,Velocity,2,0,49,61,18,58,1,Auto-Loading Holster | Wellspring,Bipod | Demolitionist,Auto-Loading Holster + Bipod,Auto-Loading Holster + Demolitionist,9.0,4,45.0,7.0,,Sleepless,6917530187762597339,5,Auto-Loading Holster | Field Prep | Reconstruction,Chain Reaction | Demolitionist | Gear Shift,Rng 0 / Stab 40 / Hand 70 / Reload 33 / Recoil 58,Best legal perk combo scores 3.0 below the best copy.
Could Delete,75,Someday,Shotgun,Kinetic,special,Precision Frame,0,10,6917530022275957653,3232203524,paleheart,,false,false,0,0,,false,Stability,2,78,58,50,51,79,5,Dual Loader,Collective Action,Dual Loader + Collective Action,Dual Loader + Collective Action,6.0,1,57.7,8.8,,Someday,6917530022223700171,0,Lead from Gold,Vorpal Weapon,Rng 88 / Stab 46 / Hand 41 / Reload 61 / Recoil 79,Best legal perk combo scores 3.0 below the best copy.
Could Delete,75,Someday,Shotgun,Kinetic,special,Precision Frame,0,10,6917530025303667468,3232203524,paleheart,,false,false,0,0,,false,Reload Speed,3,75,53,40,54,79,6,Threat Remover,Opening Shot,Threat Remover + Opening Shot,Threat Remover + Opening Shot,5.5,1,54.0,9.5,,Someday,6917530022223700171,0,Lead from Gold,Vorpal Weapon,Rng 88 / Stab 46 / Hand 41 / Reload 61 / Recoil 79,Best legal perk combo scores 3.5 below the best copy.
Could Delete,75,Staccato-46,Scout Rifle,Solar,primary,Precision Frame,0,10,6917529957189348096,4019668921,engram,,false,false,0,0,,false,Reload Speed,4,39,54,38,24,58,18,Compulsive Reloader,Rampage,Compulsive Reloader + Rampage,Compulsive Reloader + Rampage,5.7,1,46.9,7.0,,Staccato-46,6917529811373370881,0,Triple Tap,Explosive Payload,Rng 49 / Stab 49 / Hand 58 / Reload 40 / Recoil 58,Best legal perk combo scores 3.1 below the best copy.
Could Delete,75,Sublimation,Scout Rifle,Arc,primary,High-Impact Frame,1,323,6917530186031835274,1674692344,kepler,,false,false,0,0,,false,Handling,1,82,36,23,27,82,12,Moving Target,Adagio,Moving Target + Adagio,Moving Target + Adagio,5.0,1,52.9,8.2,,Sublimation,6917530186384981965,1,Demolitionist,Rolling Storm,Rng 74 / Stab 36 / Hand 22 / Reload 27 / Recoil 82,Best legal perk combo scores 3.7 below the best copy.
Could Delete,75,Sublimation,Scout Rifle,Arc,primary,High-Impact Frame,1,392,6917530186394223957,1674692344,kepler,,false,false,0,0,,false,Range,5,87,26,17,7,82,15,Moving Target,No Distractions,Moving Target + No Distractions,Moving Target + No Distractions,4.5,1,47.9,7.8,,Sublimation,6917530186384981965,1,Demolitionist,Rolling Storm,Rng 74 / Stab 36 / Hand 22 / Reload 27 / Recoil 82,Best legal perk combo scores 4.2 below the best copy.
Strong Delete,92,Syncopation-53,Pulse Rifle,Stasis,primary,Adaptive Frame,0,10,6917529895391569842,2856514843,engram,,false,false,0,0,,false,Reload Speed,2,46,69,41,24,89,45,Moving Target,Headstone,Moving Target + Headstone,Moving Target + Headstone,6.7,1,59.0,7.8,,Syncopation-53,6917529648603200454,0,Moving Target,Headstone,Rng 51 / Stab 69 / Hand 46 / Reload 42 / Recoil 79,All legal main-trait combinations are covered by the retained copy. Stat utility difference +1.2; stat-option quality -1.4.
Could Delete,75,Syncopation-53,Pulse Rifle,Stasis,primary,Adaptive Frame,0,10,6917530018691208701,2856514843,engram,,false,false,0,0,,false,Stability,2,46,61,56,22,100,45,Moving Target,Headseeker,Moving Target + Headseeker,Moving Target + Headseeker,4.5,1,61.9,7.7,,Syncopation-53,6917529648603200454,0,Moving Target,Headstone,Rng 51 / Stab 69 / Hand 46 / Reload 42 / Recoil 79,Best legal perk combo scores 3.2 below the best copy.
Manual Review,68,Taipan-4fr,Linear Fusion Rifle,Void,heavy,Precision Frame,0,10,6917529883529652489,1911060537,engram,,false,false,0,0,,false,Charge Time,3,48,43,46,29,99,6,Triple Tap,Focused Fury,Triple Tap + Focused Fury,Triple Tap + Focused Fury,8.1,1,48.9,8.7,,Taipan-4fr,6917529905677497336,0,Triple Tap,Focused Fury,Rng 48 / Stab 48 / Hand 51 / Reload 29 / Recoil 69,All legal main-trait combinations are covered by the retained copy. Stat utility difference -0.8; stat-option quality -1.2. Potential tradeoffs: Recoil -30.
Could Delete,75,The Call,Sidearm,Strand,special,Micro-Missile Frame,0,10,6917530025730358905,3947966653,paleheart,,false,false,0,0,,false,Blast Radius,1,0,40,40,35,75,12,Beacon Rounds,Hatchling,Beacon Rounds + Hatchling,Beacon Rounds + Hatchling,7.7,1,30.6,6.8,,The Call,6917530022261547152,0,Beacon Rounds,Hatchling,Rng 0 / Stab 30 / Hand 40 / Reload 48 / Recoil 75,Selected main-trait pair is duplicated by a stronger retained copy; legal main-trait options are covered by a stronger copy.
Could Delete,75,Tigerspite,Auto Rifle,Kinetic,primary,Precision Frame,0,10,6917529961359948184,2465372924,dreaming,,false,false,0,0,,false,Range,2,64,51,40,40,68,37,Outlaw,Frenzy,Outlaw + Frenzy,Outlaw + Frenzy,7.5,1,55.3,8.3,,Tigerspite,6917529975897007086,0,Outlaw,Frenzy,Rng 62 / Stab 43 / Hand 50 / Reload 40 / Recoil 98,Selected main-trait pair is duplicated by a stronger retained copy; legal main-trait options are covered by a stronger copy.
Manual Review,62,Trendsetter,Auto Rifle,Arc,primary,Adaptive Frame,3,10,6917530186056279115,2863808104,dungeon,,false,false,0,0,,false,Handling,4,54,55,78,60,92,41,Trickle Charge | Dynamic Sway Reduction,Zen Moment | Gear Shift,Trickle Charge + Zen Moment,Trickle Charge + Zen Moment,6.0,4,62.7,9.5,high-cost source:dungeon,Trendsetter,6917530187777113266,5,Dynamic Sway Reduction | Ambitious Assassin | Outlaw,Jolting Feedback | Zen Moment | Gear Shift,Rng 55 / Stab 56 / Hand 56 / Reload 71 / Recoil 72,Best legal perk combo scores 3.0 below the best copy.
Manual Review,62,Trophy Hunter,Sniper Rifle,Void,special,Aggressive Frame,4,401,6917530187989804906,2566169398,monumentoftriumph,,false,false,0,0,,false,Range,4,82,27,35,16,100,4,Pulse Monitor | Lone Wolf,Snapshot Sights | Precision Instrument,Pulse Monitor + Snapshot Sights,Lone Wolf + Precision Instrument,7.6,4,37.6,8.8,costly source:monumentoftriumph,Trophy Hunter,6917530186320093726,5,Lead from Gold | Auto-Loading Holster | Lone Wolf,Vorpal Weapon | Withering Gaze | Aggregate Charge,Rng 93 / Stab 18 / Hand 20 / Reload 16 / Recoil 80,Best legal perk combo scores 3.0 below the best copy; selected main-trait pair is duplicated by a stronger retained copy.
Could Delete,75,True Prophecy,Hand Cannon,Kinetic,primary,Aggressive Frame,0,10,6917529356814655909,2742838700,engram,,false,false,0,0,,false,Stability,3,61,33,33,32,95,10,Opening Shot,Explosive Payload,Opening Shot + Explosive Payload,Opening Shot + Explosive Payload,7.0,1,54.5,7.0,,True Prophecy,6917530186327109608,5,Lone Wolf | Trickle Charge | Triple Tap,Explosive Payload | Jolting Feedback | Dragonfly,Rng 58 / Stab 23 / Hand 42 / Reload 9 / Recoil 100,Best legal perk combo scores 3.6 below the best copy.
Could Delete,75,True Prophecy,Hand Cannon,Arc,primary,Aggressive Frame,4,417,6917530188889197339,960948343,engram,,false,false,0,0,,false,Handling,1,58,33,43,33,100,10,Snapshot Sights | Light Touch,Adrenaline Junkie | Dragonfly,Snapshot Sights + Adrenaline Junkie,Light Touch + Adrenaline Junkie,7.2,4,55.3,9.0,,True Prophecy,6917530186327109608,5,Lone Wolf | Trickle Charge | Triple Tap,Explosive Payload | Jolting Feedback | Dragonfly,Rng 58 / Stab 23 / Hand 42 / Reload 9 / Recoil 100,Best legal perk combo scores 3.4 below the best copy.
Could Delete,75,Truthteller,Grenade Launcher,Void,special,Lightweight Frame,0,10,6917530063067470395,447296102,engram,,false,false,0,0,,false,Handling,1,0,33,70,71,70,1,Moving Target,Collective Action,Moving Target + Collective Action,Moving Target + Collective Action,5.5,1,71.8,7.3,,Truthteller,6917529196940409886,0,Auto-Loading Holster,Demolitionist,Rng 0 / Stab 23 / Hand 69 / Reload 81 / Recoil 70,Best legal perk combo scores 3.5 below the best copy.
Could Delete,75,Truthteller,Grenade Launcher,Void,special,Lightweight Frame,0,10,6917530063382112988,447296102,engram,,false,false,0,0,,false,Velocity,3,0,18,69,71,70,1,Moving Target,Harmony,Moving Target + Harmony,Moving Target + Harmony,5.2,1,72.3,7.3,,Truthteller,6917529196940409886,0,Auto-Loading Holster,Demolitionist,Rng 0 / Stab 23 / Hand 69 / Reload 81 / Recoil 70,Best legal perk combo scores 3.8 below the best copy.
Could Delete,75,Truthteller,Grenade Launcher,Void,special,Lightweight Frame,0,10,6917530064654192693,447296102,engram,,false,false,0,0,,false,Reload Speed,4,0,8,69,75,70,1,Moving Target,Threat Detector,Moving Target + Threat Detector,Moving Target + Threat Detector,5.5,1,69.1,5.5,,Truthteller,6917529196940409886,0,Auto-Loading Holster,Demolitionist,Rng 0 / Stab 23 / Hand 69 / Reload 81 / Recoil 70,Best legal perk combo scores 3.5 below the best copy.
Could Delete,75,Twilight Oath,Sniper Rifle,Solar,special,Rapid-Fire Frame,0,10,6917529967446758461,1874424704,dreaming,,false,false,0,0,,false,Range,2,29,46,65,58,59,6,Envious Assassin,Snapshot Sights,Envious Assassin + Snapshot Sights,Envious Assassin + Snapshot Sights,6.7,1,51.4,8.8,,Twilight Oath,6917530187758496207,5,Opening Shot | Heal Clip | Lucky Shot,Vorpal Weapon | Box Breathing | Bait and Switch,Rng 27 / Stab 55 / Hand 81 / Reload 69 / Recoil 59,Best legal perk combo scores 3.3 below the best copy.
Could Delete,75,Ulterior Observation,Machine Gun,Stasis,heavy,Aggressive Frame,2,350,6917530186073777637,1079872540,kepler,,false,false,0,0,,false,Reload Speed,2,57,51,50,41,72,58,Feeding Frenzy,Adagio,Feeding Frenzy + Adagio,Feeding Frenzy + Adagio,6.8,1,54.2,8.3,,Ulterior Observation,6917530186029430952,1,Feeding Frenzy,Adagio,Rng 47 / Stab 56 / Hand 40 / Reload 42 / Recoil 82,Selected main-trait pair is duplicated by a stronger retained copy; legal main-trait options are covered by a stronger copy.
Could Delete,75,Ulterior Observation,Machine Gun,Stasis,heavy,Aggressive Frame,1,400,6917530187931340048,1079872540,kepler,,false,false,0,0,,false,Range,1,48,46,55,39,100,58,Subsistence,Dynamic Sway Reduction,Subsistence + Dynamic Sway Reduction,Subsistence + Dynamic Sway Reduction,6.0,1,55.3,7.5,,Ulterior Observation,6917530186025651367,2,Demolitionist,Rimestealer,Rng 52 / Stab 51 / Hand 50 / Reload 40 / Recoil 72,Best legal perk combo scores 3.0 below the best copy.
Could Delete,75,Vouchsafe,Scout Rifle,Void,primary,Lightweight Frame,0,10,6917529866071736407,3242168339,dreaming,,false,false,0,0,,false,Handling,4,53,32,67,55,47,15,Outlaw,Explosive Payload,Outlaw + Explosive Payload,Outlaw + Explosive Payload,7.3,1,50.7,9.0,,Vouchsafe,6917529961894155892,0,Repulsor Brace,Destabilizing Rounds,Rng 43 / Stab 43 / Hand 58 / Reload 55 / Recoil 57,Best legal perk combo scores 4.5 below the best copy.
Could Delete,75,Vouchsafe,Scout Rifle,Void,primary,Lightweight Frame,0,10,6917529970119003473,355922321,dreaming,,false,false,0,0,,false,Range,3,46,32,73,55,77,15,Outlaw,Golden Tricorn,Outlaw + Golden Tricorn,Outlaw + Golden Tricorn,7.0,1,56.1,9.5,,Vouchsafe,6917529961894155892,0,Repulsor Brace,Destabilizing Rounds,Rng 43 / Stab 43 / Hand 58 / Reload 55 / Recoil 57,Best legal perk combo scores 4.8 below the best copy.
Strong Delete,95,Whisper of the Worm,Sniper Rifle,Solar,heavy,White Nail,0,10,6917529321229532959,1891561814,,,false,false,0,0,,false,,10,85,35,23,36,94,3,,,,,,0,38.1,0.0,,Whisper of the Worm,6917529997642907065,0,,,Rng 85 / Stab 35 / Hand 23 / Reload 66 / Recoil 94,"Redundant Whisper of the Worm copy. Retained crafted level 18 copy includes Whispered Breathing; this copy has no kills, lock, tag, or loadout."
Could Delete,75,Yarovit MG4,Submachine Gun,Stasis,primary,Lightweight Frame,0,10,6917530071961944704,3959549446,engram,,false,false,0,0,,false,Range,2,29,47,54,25,98,44,Encore,Collective Action,Encore + Collective Action,Encore + Collective Action,6.2,1,47.6,7.8,,Yarovit MG4,6917530025490362321,0,Rewind Rounds,Headstone,Rng 23 / Stab 52 / Hand 44 / Reload 25 / Recoil 100,Best legal perk combo scores 3.2 below the best copy.
